{
    "loss": 0.6261524558067322,
    "accuracy": 0.9396551847457886
}